{"v":"5.5.7","meta":{"g":"LottieFiles AE 0.1.20","a":"","k":"","d":"","tc":""},"fr":24,"ip":1,"op":121,"w":800,"h":800,"nm":"buildout","ddd":0,"assets":[{"id":"comp_0","layers":[{"ddd":0,"ind":1,"ty":4,"nm":"hand 2","sr":1,"ks":{"o":{"a":0,"k":100,"ix":11},"r":{"a":1,"k":[{"i":{"x":[0.833],"y":[1]},"o":{"x":[0.167],"y":[0]},"t":103,"s":[15]},{"i":{"x":[0.4],"y":[1]},"o":{"x":[0.167],"y":[0]},"t":106,"s":[5]},{"t":109,"s":[15]}],"ix":10},"p":{"a":1,"k":[{"i":{"x":0.35,"y":1},"o":{"x":0.65,"y":0},"t":89,"s":[428.007,434.125,0],"to":[116.092,-17.218,0],"ti":[10.908,85.218,0]},{"t":103,"s":[567.057,252.819,0]}],"ix":2},"a":{"a":0,"k":[627,295,0],"ix":1},"s":{"a":0,"k":[100,100,100],"ix":6}},"ao":0,"shapes":[{"ty":"gr","it":[{"ty":"gr","it":[{"ind":0,"ty":"sh","ix":1,"ks":{"a":0,"k":{"i":[[0.901,2.011],[-0.951,0.541],[-1.098,-1.902],[-0.973,0.523],[-1.128,-1.889],[-7.626,4.418],[1.089,1.915],[-1.009,0.508],[-1.732,-2.81],[4.838,-2.803],[4.77,-2.662],[1.691,2.832],[0.946,-0.523]],"o":[[0.893,-0.613],[1.126,1.888],[0.956,-0.552],[1.119,1.894],[7.644,-4.389],[-1.07,-1.924],[0.97,-0.577],[1.806,2.768],[-4.775,2.91],[-4.728,2.73],[-1.689,-2.837],[-0.936,0.54],[-1.067,-1.928]],"v":[[-19.885,-0.135],[-17.081,-1.785],[-13.784,3.926],[-10.898,2.298],[-7.587,8.007],[15.319,-5.203],[12.03,-10.931],[14.977,-12.594],[19.885,-3.995],[5.408,4.471],[-8.818,12.594],[-13.828,4.055],[-16.655,5.641]],"c":true},"ix":2},"nm":"Path 1","mn":"ADBE Vector Shape - Group","hd":false},{"ty":"fl","c":{"a":0,"k":[0.109999997008,0.109999997008,0.109999997008,1],"ix":4},"o":{"a":0,"k":100,"ix":5},"r":1,"bm":0,"nm":"Fill 1","mn":"ADBE Vector Graphic - Fill","hd":false},{"ty":"tr","p":{"a":0,"k":[641.11,313.926],"ix":2},"a":{"a":0,"k":[0,0],"ix":1},"s":{"a":0,"k":[100,100],"ix":3},"r":{"a":0,"k":0,"ix":6},"o":{"a":0,"k":100,"ix":7},"sk":{"a":0,"k":0,"ix":4},"sa":{"a":0,"k":0,"ix":5},"nm":"Transform"}],"nm":"Group 1","np":2,"cix":2,"bm":0,"ix":1,"mn":"ADBE Vector Group","hd":false},{"ty":"gr","it":[{"ind":0,"ty":"sh","ix":1,"ks":{"a":0,"k":{"i":[[0.405,1.029],[-0.966,0.473],[-0.543,-0.963],[-0.969,0.536],[-1.112,-1.902],[-0.954,0.536],[-0.905,-2.018],[0.964,-0.49],[1.107,1.884],[0.969,-0.508],[1.256,1.779],[0.941,-0.479]],"o":[[0.865,-0.639],[0.572,0.946],[0.959,-0.553],[1.123,1.895],[0.942,-0.552],[1.092,1.92],[-0.906,0.589],[-1.121,-1.874],[-0.948,0.548],[-1.12,-1.867],[-0.916,0.529],[-0.63,-0.909]],"v":[[-8.357,-4.688],[-5.606,-6.359],[-3.935,-3.493],[-1.049,-5.135],[2.266,0.583],[5.112,-1.048],[8.357,4.74],[5.55,6.36],[2.233,0.709],[-0.643,2.29],[-4.017,-3.296],[-6.799,-1.77]],"c":true},"ix":2},"nm":"Path 1","mn":"ADBE Vector Shape - Group","hd":false},{"ty":"fl","c":{"a":0,"k":[0.109999997008,0.109999997008,0.109999997008,1],"ix":4},"o":{"a":0,"k":100,"ix":5},"r":1,"bm":0,"nm":"Fill 1","mn":"ADBE Vector Graphic - Fill","hd":false},{"ty":"tr","p":{"a":0,"k":[612.73,309.117],"ix":2},"a":{"a":0,"k":[0,0],"ix":1},"s":{"a":0,"k":[100,100],"ix":3},"r":{"a":0,"k":0,"ix":6},"o":{"a":0,"k":100,"ix":7},"sk":{"a":0,"k":0,"ix":4},"sa":{"a":0,"k":0,"ix":5},"nm":"Transform"}],"nm":"Group 2","np":2,"cix":2,"bm":0,"ix":2,"mn":"ADBE Vector Group","hd":false},{"ty":"gr","it":[{"ind":0,"ty":"sh","ix":1,"ks":{"a":0,"k":{"i":[[1.651,2.853],[-2.885,1.635],[-0.522,-0.967],[1.894,-1.113],[-0.964,-1.967],[0.994,-0.497]],"o":[[2.843,-1.705],[0.57,0.94],[-1.878,1.142],[1.025,1.937],[-0.92,0.625],[-1.657,-2.856]],"v":[[-5.132,-1.798],[3.476,-6.78],[5.132,-3.934],[-0.564,-0.611],[2.693,5.095],[-0.182,6.78]],"c":true},"ix":2},"nm":"Path 1","mn":"ADBE Vector Shape - Group","hd":false},{"ty":"fl","c":{"a":0,"k":[0.109999997008,0.109999997008,0.109999997008,1],"ix":4},"o":{"a":0,"k":100,"ix":5},"r":1,"bm":0,"nm":"Fill 1","mn":"ADBE Vector Graphic - Fill","hd":false},{"ty":"tr","p":{"a":0,"k":[601.568,299.314],"ix":2},"a":{"a":0,"k":[0,0],"ix":1},"s":{"a":0,"k":[100,100],"ix":3},"r":{"a":0,"k":0,"ix":6},"o":{"a":0,"k":100,"ix":7},"sk":{"a":0,"k":0,"ix":4},"sa":{"a":0,"k":0,"ix":5},"nm":"Transform"}],"nm":"Group 3","np":2,"cix":2,"bm":0,"ix":3,"mn":"ADBE Vector Group","hd":false},{"ty":"gr","it":[{"ind":0,"ty":"sh","ix":1,"ks":{"a":0,"k":{"i":[[4.946,8.603],[-0.95,0.548],[-2.238,-3.781],[-1.904,1.087],[-0.603,-0.918],[-2.942,1.497],[-0.556,-0.915],[-1.907,1.092],[-0.65,-0.891],[-0.963,0.519],[-0.553,-0.919],[-0.94,0.551],[-2.214,-3.6],[-1.737,-3.056],[0.882,-0.638],[-1.597,-2.853],[0.966,-0.495],[1.633,2.892],[-0.942,0.557],[3.855,6.694],[0.94,-0.557],[0.603,0.886],[0.912,-0.612],[-1.602,-2.905],[0,0],[2.233,3.816],[1.917,-1.107],[-1.625,-2.884],[0.96,-0.527],[2.162,3.85],[1.916,-1.135],[-2.195,-3.833],[0.977,-0.527]],"o":[[0.942,-0.561],[2.21,3.798],[1.928,-1.046],[0.548,0.949],[2.885,-1.603],[0.523,0.934],[1.922,-1.064],[0.562,0.946],[0.994,-0.463],[0.526,0.944],[0.945,-0.523],[2.156,3.633],[1.665,3.098],[-0.958,0.517],[1.633,2.83],[-0.918,0.57],[-1.77,-2.817],[0.952,-0.537],[-3.864,-6.692],[-0.953,0.533],[-0.593,-0.905],[-1.009,0.432],[1.637,2.882],[0,0],[-2.275,-3.792],[-1.925,1.097],[1.656,2.868],[-0.938,0.569],[-2.228,-3.815],[-1.926,1.1],[2.186,3.832],[-0.944,0.583],[-4.954,-8.587]],"v":[[-27.802,-18.355],[-24.954,-19.999],[-18.335,-8.6],[-12.621,-11.857],[-10.922,-9.041],[-2.3,-13.908],[-0.681,-11.135],[5.041,-14.412],[6.746,-11.582],[9.623,-13.162],[11.249,-10.384],[14.074,-11.992],[20.485,-1.059],[25.701,8.11],[22.937,9.845],[27.802,18.358],[24.99,20],[19.969,11.374],[22.81,9.733],[11.232,-10.345],[8.395,-8.707],[6.712,-11.464],[3.824,-9.895],[8.773,-1.269],[5.968,0.352],[-0.686,-11.122],[-6.441,-7.799],[-1.474,0.805],[-4.323,2.45],[-10.926,-9.04],[-16.688,-5.699],[-10.069,5.765],[-12.951,7.429]],"c":true},"ix":2},"nm":"Path 1","mn":"ADBE Vector Shape - Group","hd":false},{"ty":"fl","c":{"a":0,"k":[0.109999997008,0.109999997008,0.109999997008,1],"ix":4},"o":{"a":0,"k":100,"ix":5},"r":1,"bm":0,"nm":"Fill 1","mn":"ADBE Vector Graphic - Fill","hd":false},{"ty":"tr","p":{"a":0,"k":[631.101,281.327],"ix":2},"a":{"a":0,"k":[0,0],"ix":1},"s":{"a":0,"k":[100,100],"ix":3},"r":{"a":0,"k":0,"ix":6},"o":{"a":0,"k":100,"ix":7},"sk":{"a":0,"k":0,"ix":4},"sa":{"a":0,"k":0,"ix":5},"nm":"Transform"}],"nm":"Group 4","np":2,"cix":2,"bm":0,"ix":4,"mn":"ADBE Vector Group","hd":false},{"ty":"gr","it":[{"ind":0,"ty":"sh","ix":1,"ks":{"a":0,"k":{"i":[[4.91,8.609],[-0.926,0.592],[-6.076,-10.523],[0.971,-0.532],[0.526,0.955],[0.951,-0.553],[0.516,0.984],[-0.944,0.565]],"o":[[0.95,-0.549],[6.076,10.524],[-0.946,0.576],[-0.559,-0.924],[-0.974,0.513],[-0.586,-0.944],[0.932,-0.584],[-4.948,-8.579]],"v":[[-10.529,-14.923],[-7.699,-16.615],[10.529,14.955],[7.653,16.616],[6.019,13.786],[3.144,15.409],[1.476,12.521],[4.311,10.832]],"c":true},"ix":2},"nm":"Path 1","mn":"ADBE Vector Shape - Group","hd":false},{"ty":"fl","c":{"a":0,"k":[0.109999997008,0.109999997008,0.109999997008,1],"ix":4},"o":{"a":0,"k":100,"ix":5},"r":1,"bm":0,"nm":"Fill 1","mn":"ADBE Vector Graphic - Fill","hd":false},{"ty":"tr","p":{"a":0,"k":[605.222,282.858],"ix":2},"a":{"a":0,"k":[0,0],"ix":1},"s":{"a":0,"k":[100,100],"ix":3},"r":{"a":0,"k":0,"ix":6},"o":{"a":0,"k":100,"ix":7},"sk":{"a":0,"k":0,"ix":4},"sa":{"a":0,"k":0,"ix":5},"nm":"Transform"}],"nm":"Group 5","np":2,"cix":2,"bm":0,"ix":5,"mn":"ADBE Vector Group","hd":false},{"ty":"gr","it":[{"ind":0,"ty":"sh","ix":1,"ks":{"a":0,"k":{"i":[[0.535,0.96],[-1.881,1.087],[-0.515,-0.965],[1.902,-1.123]],"o":[[1.888,-1.075],[0.623,0.9],[-1.903,1.123],[-0.541,-0.955]],"v":[[-3.677,0.194],[1.969,-3.065],[3.677,-0.267],[-2.051,3.065]],"c":true},"ix":2},"nm":"Path 1","mn":"ADBE Vector Shape - Group","hd":false},{"ty":"fl","c":{"a":0,"k":[0.109999997008,0.109999997008,0.109999997008,1],"ix":4},"o":{"a":0,"k":100,"ix":5},"r":1,"bm":0,"nm":"Fill 1","mn":"ADBE Vector Graphic - Fill","hd":false},{"ty":"tr","p":{"a":0,"k":[599.573,263.176],"ix":2},"a":{"a":0,"k":[0,0],"ix":1},"s":{"a":0,"k":[100,100],"ix":3},"r":{"a":0,"k":0,"ix":6},"o":{"a":0,"k":100,"ix":7},"sk":{"a":0,"k":0,"ix":4},"sa":{"a":0,"k":0,"ix":5},"nm":"Transform"}],"nm":"Group 6","np":2,"cix":2,"bm":0,"ix":6,"mn":"ADBE Vector Group","hd":false},{"ty":"gr","it":[{"ind":0,"ty":"sh","ix":1,"ks":{"a":0,"k":{"i":[[0,0],[-0.473,-0.833],[0,0],[0,0],[0.832,-0.489],[-4.881,-8.462],[0,0],[0,0],[0.702,-0.429],[0,0],[0,0],[0.491,0.811],[2.842,-1.706],[-1.65,-2.858],[-0.81,0.541],[0,0],[0,0],[-0.529,-0.803],[-0.804,0.461],[0,0],[0,0],[-1.055,-1.758],[-0.832,0.47],[0,0],[0,0],[-1.05,-1.756],[-0.807,0.541],[0,0],[0,0],[-1.012,-1.785],[-0.815,0.463],[0,0],[0,0],[-1.617,-2.719],[-4.726,2.737],[-4.774,2.909],[1.689,2.668],[0,0],[0,0],[-0.797,0.485],[1.564,2.72],[0,0],[0,0],[-0.843,0.463],[1.666,3.098],[0,0],[2.155,3.63],[0.822,-0.456],[0,0],[0,0],[0.455,0.818],[0.86,-0.435],[0,0],[0,0],[0.503,0.842],[1.791,-1.009],[0,0],[0,0],[0.457,0.814],[2.754,-1.549],[0,0],[0,0],[0.48,0.835],[1.796,-0.993],[0,0],[0,0],[2.138,3.676],[0.478,-0.267],[0.354,-0.204],[0,0],[0,0],[0.555,0.802],[1.888,-1.076]],"o":[[0.469,0.839],[0,0],[0,0],[-0.814,0.508],[4.84,8.487],[0,0],[0,0],[-0.703,0.406],[0,0],[0,0],[-0.463,-0.834],[-2.884,1.633],[1.651,2.859],[0.841,-0.466],[0,0],[0,0],[0.403,0.873],[0.817,-0.416],[0,0],[0,0],[1.153,1.692],[0.844,-0.442],[0,0],[0,0],[1.038,1.765],[0.84,-0.468],[0,0],[0,0],[0.883,1.854],[0.82,-0.452],[0,0],[0,0],[1.617,2.717],[4.767,-2.661],[4.841,-2.794],[-1.655,-2.687],[0,0],[0,0],[0.826,-0.445],[-1.538,-2.733],[0,0],[0,0],[0.789,-0.548],[-1.737,-3.055],[0,0],[-2.211,-3.596],[-0.82,0.473],[0,0],[0,0],[-0.482,-0.796],[-0.856,0.462],[0,0],[0,0],[-0.543,-0.804],[-1.783,1.03],[0,0],[0,0],[-0.478,-0.796],[-2.82,1.434],[0,0],[0,0],[-0.516,-0.808],[-1.785,1.019],[0,0],[0,0],[-2.163,-3.663],[-0.476,0.274],[-0.353,0.204],[0,0],[0,0],[-0.464,-0.858],[-1.882,1.087],[0,0]],"v":[[-31.951,-29.942],[-30.534,-27.434],[-30.332,-27.084],[-30.675,-26.867],[-33.152,-25.38],[-18.523,0.012],[-18.312,0.377],[-18.678,0.587],[-20.774,1.841],[-21.15,2.071],[-21.371,1.689],[-22.808,-0.779],[-31.416,4.203],[-26.466,12.777],[-23.95,11.324],[-23.501,11.021],[-23.305,11.517],[-21.903,14.034],[-19.477,12.702],[-19.137,12.504],[-18.911,12.829],[-15.744,18.091],[-13.229,16.712],[-12.869,16.504],[-12.662,16.864],[-9.555,22.16],[-7.043,20.71],[-6.633,20.442],[-6.423,20.88],[-3.375,26.235],[-0.923,24.863],[-0.557,24.652],[-0.347,25.017],[4.451,33.203],[18.677,25.081],[33.151,16.615],[28.478,8.394],[28.237,8.011],[28.634,7.794],[31.057,6.371],[26.387,-1.804],[26.193,-2.141],[26.506,-2.365],[28.955,-3.883],[23.743,-13.04],[23.733,-13.058],[17.326,-23.984],[14.866,-22.583],[14.511,-22.378],[14.296,-22.728],[12.88,-25.148],[10.342,-23.745],[10.008,-23.578],[9.798,-23.887],[8.293,-26.397],[2.938,-23.329],[2.576,-23.122],[2.368,-23.482],[0.958,-25.893],[-7.306,-21.232],[-7.658,-21.029],[-7.872,-21.367],[-9.363,-23.832],[-14.718,-20.784],[-15.079,-20.588],[-15.284,-20.943],[-21.692,-31.978],[-23.121,-31.166],[-24.181,-30.554],[-24.558,-30.336],[-24.776,-30.713],[-26.305,-33.204],[-31.95,-29.944]],"c":true},"ix":2},"nm":"Path 1","mn":"ADBE Vector Shape - Group","hd":false},{"ty":"fl","c":{"a":0,"k":[1,1,1,1],"ix":4},"o":{"a":0,"k":100,"ix":5},"r":1,"bm":0,"nm":"Fill 1","mn":"ADBE Vector Graphic - Fill","hd":false},{"ty":"tr","p":{"a":0,"k":[627.849,293.312],"ix":2},"a":{"a":0,"k":[0,0],"ix":1},"s":{"a":0,"k":[100,100],"ix":3},"r":{"a":0,"k":0,"ix":6},"o":{"a":0,"k":100,"ix":7},"sk":{"a":0,"k":0,"ix":4},"sa":{"a":0,"k":0,"ix":5},"nm":"Transform"}],"nm":"Group 7","np":2,"cix":2,"bm":0,"ix":7,"mn":"ADBE Vector Group","hd":false},{"ty":"tr","p":{"a":0,"k":[627.847,293.314],"ix":2},"a":{"a":0,"k":[627.847,293.314],"ix":1},"s":{"a":0,"k":[100,100],"ix":3},"r":{"a":0,"k":0,"ix":6},"o":{"a":0,"k":100,"ix":7},"sk":{"a":0,"k":0,"ix":4},"sa":{"a":0,"k":0,"ix":5},"nm":"Transform"}],"nm":"hand","np":7,"cix":2,"bm":0,"ix":1,"mn":"ADBE Vector Group","hd":false}],"ip":72,"op":109,"st":35,"bm":0},{"ddd":0,"ind":2,"ty":4,"nm":"hand","sr":1,"ks":{"o":{"a":0,"k":100,"ix":11},"r":{"a":1,"k":[{"i":{"x":[0.4],"y":[1]},"o":{"x":[0.6],"y":[0]},"t":49,"s":[0]},{"i":{"x":[0.833],"y":[1]},"o":{"x":[0.167],"y":[0]},"t":57,"s":[15]},{"i":{"x":[0.4],"y":[1]},"o":{"x":[0.167],"y":[0]},"t":60,"s":[5]},{"t":63,"s":[15]}],"ix":10},"p":{"a":1,"k":[{"i":{"x":0.3,"y":1},"o":{"x":0.7,"y":0},"t":30,"s":[843.007,362.125,0],"to":[-85.167,123,0],"ti":[163.167,77,0]},{"t":54,"s":[428.007,434.125,0]}],"ix":2},"a":{"a":0,"k":[627,295,0],"ix":1},"s":{"a":0,"k":[100,100,100],"ix":6}},"ao":0,"shapes":[{"ty":"gr","it":[{"ty":"gr","it":[{"ind":0,"ty":"sh","ix":1,"ks":{"a":0,"k":{"i":[[0.901,2.011],[-0.951,0.541],[-1.098,-1.902],[-0.973,0.523],[-1.128,-1.889],[-7.626,4.418],[1.089,1.915],[-1.009,0.508],[-1.732,-2.81],[4.838,-2.803],[4.77,-2.662],[1.691,2.832],[0.946,-0.523]],"o":[[0.893,-0.613],[1.126,1.888],[0.956,-0.552],[1.119,1.894],[7.644,-4.389],[-1.07,-1.924],[0.97,-0.577],[1.806,2.768],[-4.775,2.91],[-4.728,2.73],[-1.689,-2.837],[-0.936,0.54],[-1.067,-1.928]],"v":[[-19.885,-0.135],[-17.081,-1.785],[-13.784,3.926],[-10.898,2.298],[-7.587,8.007],[15.319,-5.203],[12.03,-10.931],[14.977,-12.594],[19.885,-3.995],[5.408,4.471],[-8.818,12.594],[-13.828,4.055],[-16.655,5.641]],"c":true},"ix":2},"nm":"Path 1","mn":"ADBE Vector Shape - Group","hd":false},{"ty":"fl","c":{"a":0,"k":[0.109999997008,0.109999997008,0.109999997008,1],"ix":4},"o":{"a":0,"k":100,"ix":5},"r":1,"bm":0,"nm":"Fill 1","mn":"ADBE Vector Graphic - Fill","hd":false},{"ty":"tr","p":{"a":0,"k":[641.11,313.926],"ix":2},"a":{"a":0,"k":[0,0],"ix":1},"s":{"a":0,"k":[100,100],"ix":3},"r":{"a":0,"k":0,"ix":6},"o":{"a":0,"k":100,"ix":7},"sk":{"a":0,"k":0,"ix":4},"sa":{"a":0,"k":0,"ix":5},"nm":"Transform"}],"nm":"Group 1","np":2,"cix":2,"bm":0,"ix":1,"mn":"ADBE Vector Group","hd":false},{"ty":"gr","it":[{"ind":0,"ty":"sh","ix":1,"ks":{"a":0,"k":{"i":[[0.405,1.029],[-0.966,0.473],[-0.543,-0.963],[-0.969,0.536],[-1.112,-1.902],[-0.954,0.536],[-0.905,-2.018],[0.964,-0.49],[1.107,1.884],[0.969,-0.508],[1.256,1.779],[0.941,-0.479]],"o":[[0.865,-0.639],[0.572,0.946],[0.959,-0.553],[1.123,1.895],[0.942,-0.552],[1.092,1.92],[-0.906,0.589],[-1.121,-1.874],[-0.948,0.548],[-1.12,-1.867],[-0.916,0.529],[-0.63,-0.909]],"v":[[-8.357,-4.688],[-5.606,-6.359],[-3.935,-3.493],[-1.049,-5.135],[2.266,0.583],[5.112,-1.048],[8.357,4.74],[5.55,6.36],[2.233,0.709],[-0.643,2.29],[-4.017,-3.296],[-6.799,-1.77]],"c":true},"ix":2},"nm":"Path 1","mn":"ADBE Vector Shape - Group","hd":false},{"ty":"fl","c":{"a":0,"k":[0.109999997008,0.109999997008,0.109999997008,1],"ix":4},"o":{"a":0,"k":100,"ix":5},"r":1,"bm":0,"nm":"Fill 1","mn":"ADBE Vector Graphic - Fill","hd":false},{"ty":"tr","p":{"a":0,"k":[612.73,309.117],"ix":2},"a":{"a":0,"k":[0,0],"ix":1},"s":{"a":0,"k":[100,100],"ix":3},"r":{"a":0,"k":0,"ix":6},"o":{"a":0,"k":100,"ix":7},"sk":{"a":0,"k":0,"ix":4},"sa":{"a":0,"k":0,"ix":5},"nm":"Transform"}],"nm":"Group 2","np":2,"cix":2,"bm":0,"ix":2,"mn":"ADBE Vector Group","hd":false},{"ty":"gr","it":[{"ind":0,"ty":"sh","ix":1,"ks":{"a":0,"k":{"i":[[1.651,2.853],[-2.885,1.635],[-0.522,-0.967],[1.894,-1.113],[-0.964,-1.967],[0.994,-0.497]],"o":[[2.843,-1.705],[0.57,0.94],[-1.878,1.142],[1.025,1.937],[-0.92,0.625],[-1.657,-2.856]],"v":[[-5.132,-1.798],[3.476,-6.78],[5.132,-3.934],[-0.564,-0.611],[2.693,5.095],[-0.182,6.78]],"c":true},"ix":2},"nm":"Path 1","mn":"ADBE Vector Shape - Group","hd":false},{"ty":"fl","c":{"a":0,"k":[0.109999997008,0.109999997008,0.109999997008,1],"ix":4},"o":{"a":0,"k":100,"ix":5},"r":1,"bm":0,"nm":"Fill 1","mn":"ADBE Vector Graphic - Fill","hd":false},{"ty":"tr","p":{"a":0,"k":[601.568,299.314],"ix":2},"a":{"a":0,"k":[0,0],"ix":1},"s":{"a":0,"k":[100,100],"ix":3},"r":{"a":0,"k":0,"ix":6},"o":{"a":0,"k":100,"ix":7},"sk":{"a":0,"k":0,"ix":4},"sa":{"a":0,"k":0,"ix":5},"nm":"Transform"}],"nm":"Group 3","np":2,"cix":2,"bm":0,"ix":3,"mn":"ADBE Vector Group","hd":false},{"ty":"gr","it":[{"ind":0,"ty":"sh","ix":1,"ks":{"a":0,"k":{"i":[[4.946,8.603],[-0.95,0.548],[-2.238,-3.781],[-1.904,1.087],[-0.603,-0.918],[-2.942,1.497],[-0.556,-0.915],[-1.907,1.092],[-0.65,-0.891],[-0.963,0.519],[-0.553,-0.919],[-0.94,0.551],[-2.214,-3.6],[-1.737,-3.056],[0.882,-0.638],[-1.597,-2.853],[0.966,-0.495],[1.633,2.892],[-0.942,0.557],[3.855,6.694],[0.94,-0.557],[0.603,0.886],[0.912,-0.612],[-1.602,-2.905],[0,0],[2.233,3.816],[1.917,-1.107],[-1.625,-2.884],[0.96,-0.527],[2.162,3.85],[1.916,-1.135],[-2.195,-3.833],[0.977,-0.527]],"o":[[0.942,-0.561],[2.21,3.798],[1.928,-1.046],[0.548,0.949],[2.885,-1.603],[0.523,0.934],[1.922,-1.064],[0.562,0.946],[0.994,-0.463],[0.526,0.944],[0.945,-0.523],[2.156,3.633],[1.665,3.098],[-0.958,0.517],[1.633,2.83],[-0.918,0.57],[-1.77,-2.817],[0.952,-0.537],[-3.864,-6.692],[-0.953,0.533],[-0.593,-0.905],[-1.009,0.432],[1.637,2.882],[0,0],[-2.275,-3.792],[-1.925,1.097],[1.656,2.868],[-0.938,0.569],[-2.228,-3.815],[-1.926,1.1],[2.186,3.832],[-0.944,0.583],[-4.954,-8.587]],"v":[[-27.802,-18.355],[-24.954,-19.999],[-18.335,-8.6],[-12.621,-11.857],[-10.922,-9.041],[-2.3,-13.908],[-0.681,-11.135],[5.041,-14.412],[6.746,-11.582],[9.623,-13.162],[11.249,-10.384],[14.074,-11.992],[20.485,-1.059],[25.701,8.11],[22.937,9.845],[27.802,18.358],[24.99,20],[19.969,11.374],[22.81,9.733],[11.232,-10.345],[8.395,-8.707],[6.712,-11.464],[3.824,-9.895],[8.773,-1.269],[5.968,0.352],[-0.686,-11.122],[-6.441,-7.799],[-1.474,0.805],[-4.323,2.45],[-10.926,-9.04],[-16.688,-5.699],[-10.069,5.765],[-12.951,7.429]],"c":true},"ix":2},"nm":"Path 1","mn":"ADBE Vector Shape - Group","hd":false},{"ty":"fl","c":{"a":0,"k":[0.109999997008,0.109999997008,0.109999997008,1],"ix":4},"o":{"a":0,"k":100,"ix":5},"r":1,"bm":0,"nm":"Fill 1","mn":"ADBE Vector Graphic - Fill","hd":false},{"ty":"tr","p":{"a":0,"k":[631.101,281.327],"ix":2},"a":{"a":0,"k":[0,0],"ix":1},"s":{"a":0,"k":[100,100],"ix":3},"r":{"a":0,"k":0,"ix":6},"o":{"a":0,"k":100,"ix":7},"sk":{"a":0,"k":0,"ix":4},"sa":{"a":0,"k":0,"ix":5},"nm":"Transform"}],"nm":"Group 4","np":2,"cix":2,"bm":0,"ix":4,"mn":"ADBE Vector Group","hd":false},{"ty":"gr","it":[{"ind":0,"ty":"sh","ix":1,"ks":{"a":0,"k":{"i":[[4.91,8.609],[-0.926,0.592],[-6.076,-10.523],[0.971,-0.532],[0.526,0.955],[0.951,-0.553],[0.516,0.984],[-0.944,0.565]],"o":[[0.95,-0.549],[6.076,10.524],[-0.946,0.576],[-0.559,-0.924],[-0.974,0.513],[-0.586,-0.944],[0.932,-0.584],[-4.948,-8.579]],"v":[[-10.529,-14.923],[-7.699,-16.615],[10.529,14.955],[7.653,16.616],[6.019,13.786],[3.144,15.409],[1.476,12.521],[4.311,10.832]],"c":true},"ix":2},"nm":"Path 1","mn":"ADBE Vector Shape - Group","hd":false},{"ty":"fl","c":{"a":0,"k":[0.109999997008,0.109999997008,0.109999997008,1],"ix":4},"o":{"a":0,"k":100,"ix":5},"r":1,"bm":0,"nm":"Fill 1","mn":"ADBE Vector Graphic - Fill","hd":false},{"ty":"tr","p":{"a":0,"k":[605.222,282.858],"ix":2},"a":{"a":0,"k":[0,0],"ix":1},"s":{"a":0,"k":[100,100],"ix":3},"r":{"a":0,"k":0,"ix":6},"o":{"a":0,"k":100,"ix":7},"sk":{"a":0,"k":0,"ix":4},"sa":{"a":0,"k":0,"ix":5},"nm":"Transform"}],"nm":"Group 5","np":2,"cix":2,"bm":0,"ix":5,"mn":"ADBE Vector Group","hd":false},{"ty":"gr","it":[{"ind":0,"ty":"sh","ix":1,"ks":{"a":0,"k":{"i":[[0.535,0.96],[-1.881,1.087],[-0.515,-0.965],[1.902,-1.123]],"o":[[1.888,-1.075],[0.623,0.9],[-1.903,1.123],[-0.541,-0.955]],"v":[[-3.677,0.194],[1.969,-3.065],[3.677,-0.267],[-2.051,3.065]],"c":true},"ix":2},"nm":"Path 1","mn":"ADBE Vector Shape - Group","hd":false},{"ty":"fl","c":{"a":0,"k":[0.109999997008,0.109999997008,0.109999997008,1],"ix":4},"o":{"a":0,"k":100,"ix":5},"r":1,"bm":0,"nm":"Fill 1","mn":"ADBE Vector Graphic - Fill","hd":false},{"ty":"tr","p":{"a":0,"k":[599.573,263.176],"ix":2},"a":{"a":0,"k":[0,0],"ix":1},"s":{"a":0,"k":[100,100],"ix":3},"r":{"a":0,"k":0,"ix":6},"o":{"a":0,"k":100,"ix":7},"sk":{"a":0,"k":0,"ix":4},"sa":{"a":0,"k":0,"ix":5},"nm":"Transform"}],"nm":"Group 6","np":2,"cix":2,"bm":0,"ix":6,"mn":"ADBE Vector Group","hd":false},{"ty":"gr","it":[{"ind":0,"ty":"sh","ix":1,"ks":{"a":0,"k":{"i":[[0,0],[-0.473,-0.833],[0,0],[0,0],[0.832,-0.489],[-4.881,-8.462],[0,0],[0,0],[0.702,-0.429],[0,0],[0,0],[0.491,0.811],[2.842,-1.706],[-1.65,-2.858],[-0.81,0.541],[0,0],[0,0],[-0.529,-0.803],[-0.804,0.461],[0,0],[0,0],[-1.055,-1.758],[-0.832,0.47],[0,0],[0,0],[-1.05,-1.756],[-0.807,0.541],[0,0],[0,0],[-1.012,-1.785],[-0.815,0.463],[0,0],[0,0],[-1.617,-2.719],[-4.726,2.737],[-4.774,2.909],[1.689,2.668],[0,0],[0,0],[-0.797,0.485],[1.564,2.72],[0,0],[0,0],[-0.843,0.463],[1.666,3.098],[0,0],[2.155,3.63],[0.822,-0.456],[0,0],[0,0],[0.455,0.818],[0.86,-0.435],[0,0],[0,0],[0.503,0.842],[1.791,-1.009],[0,0],[0,0],[0.457,0.814],[2.754,-1.549],[0,0],[0,0],[0.48,0.835],[1.796,-0.993],[0,0],[0,0],[2.138,3.676],[0.478,-0.267],[0.354,-0.204],[0,0],[0,0],[0.555,0.802],[1.888,-1.076]],"o":[[0.469,0.839],[0,0],[0,0],[-0.814,0.508],[4.84,8.487],[0,0],[0,0],[-0.703,0.406],[0,0],[0,0],[-0.463,-0.834],[-2.884,1.633],[1.651,2.859],[0.841,-0.466],[0,0],[0,0],[0.403,0.873],[0.817,-0.416],[0,0],[0,0],[1.153,1.692],[0.844,-0.442],[0,0],[0,0],[1.038,1.765],[0.84,-0.468],[0,0],[0,0],[0.883,1.854],[0.82,-0.452],[0,0],[0,0],[1.617,2.717],[4.767,-2.661],[4.841,-2.794],[-1.655,-2.687],[0,0],[0,0],[0.826,-0.445],[-1.538,-2.733],[0,0],[0,0],[0.789,-0.548],[-1.737,-3.055],[0,0],[-2.211,-3.596],[-0.82,0.473],[0,0],[0,0],[-0.482,-0.796],[-0.856,0.462],[0,0],[0,0],[-0.543,-0.804],[-1.783,1.03],[0,0],[0,0],[-0.478,-0.796],[-2.82,1.434],[0,0],[0,0],[-0.516,-0.808],[-1.785,1.019],[0,0],[0,0],[-2.163,-3.663],[-0.476,0.274],[-0.353,0.204],[0,0],[0,0],[-0.464,-0.858],[-1.882,1.087],[0,0]],"v":[[-31.951,-29.942],[-30.534,-27.434],[-30.332,-27.084],[-30.675,-26.867],[-33.152,-25.38],[-18.523,0.012],[-18.312,0.377],[-18.678,0.587],[-20.774,1.841],[-21.15,2.071],[-21.371,1.689],[-22.808,-0.779],[-31.416,4.203],[-26.466,12.777],[-23.95,11.324],[-23.501,11.021],[-23.305,11.517],[-21.903,14.034],[-19.477,12.702],[-19.137,12.504],[-18.911,12.829],[-15.744,18.091],[-13.229,16.712],[-12.869,16.504],[-12.662,16.864],[-9.555,22.16],[-7.043,20.71],[-6.633,20.442],[-6.423,20.88],[-3.375,26.235],[-0.923,24.863],[-0.557,24.652],[-0.347,25.017],[4.451,33.203],[18.677,25.081],[33.151,16.615],[28.478,8.394],[28.237,8.011],[28.634,7.794],[31.057,6.371],[26.387,-1.804],[26.193,-2.141],[26.506,-2.365],[28.955,-3.883],[23.743,-13.04],[23.733,-13.058],[17.326,-23.984],[14.866,-22.583],[14.511,-22.378],[14.296,-22.728],[12.88,-25.148],[10.342,-23.745],[10.008,-23.578],[9.798,-23.887],[8.293,-26.397],[2.938,-23.329],[2.576,-23.122],[2.368,-23.482],[0.958,-25.893],[-7.306,-21.232],[-7.658,-21.029],[-7.872,-21.367],[-9.363,-23.832],[-14.718,-20.784],[-15.079,-20.588],[-15.284,-20.943],[-21.692,-31.978],[-23.121,-31.166],[-24.181,-30.554],[-24.558,-30.336],[-24.776,-30.713],[-26.305,-33.204],[-31.95,-29.944]],"c":true},"ix":2},"nm":"Path 1","mn":"ADBE Vector Shape - Group","hd":false},{"ty":"fl","c":{"a":0,"k":[1,1,1,1],"ix":4},"o":{"a":0,"k":100,"ix":5},"r":1,"bm":0,"nm":"Fill 1","mn":"ADBE Vector Graphic - Fill","hd":false},{"ty":"tr","p":{"a":0,"k":[627.849,293.312],"ix":2},"a":{"a":0,"k":[0,0],"ix":1},"s":{"a":0,"k":[100,100],"ix":3},"r":{"a":0,"k":0,"ix":6},"o":{"a":0,"k":100,"ix":7},"sk":{"a":0,"k":0,"ix":4},"sa":{"a":0,"k":0,"ix":5},"nm":"Transform"}],"nm":"Group 7","np":2,"cix":2,"bm":0,"ix":7,"mn":"ADBE Vector Group","hd":false},{"ty":"tr","p":{"a":0,"k":[627.847,293.314],"ix":2},"a":{"a":0,"k":[627.847,293.314],"ix":1},"s":{"a":0,"k":[100,100],"ix":3},"r":{"a":0,"k":0,"ix":6},"o":{"a":0,"k":100,"ix":7},"sk":{"a":0,"k":0,"ix":4},"sa":{"a":0,"k":0,"ix":5},"nm":"Transform"}],"nm":"hand","np":7,"cix":2,"bm":0,"ix":1,"mn":"ADBE Vector Group","hd":false}],"ip":30,"op":76,"st":30,"bm":0},{"ddd":0,"ind":3,"ty":4,"nm":"Shape Layer 1","sr":1,"ks":{"o":{"a":0,"k":30,"ix":11},"r":{"a":0,"k":0,"ix":10},"p":{"a":0,"k":[409.394,400.393,0],"ix":2},"a":{"a":0,"k":[65.144,-87.107,0],"ix":1},"s":{"a":1,"k":[{"i":{"x":[0.667,0.667,0.667],"y":[1,1,1]},"o":{"x":[0.938,0.938,0.333],"y":[0,0,0]},"t":58,"s":[1,1,100]},{"t":70,"s":[150,150,100]}],"ix":6}},"ao":0,"shapes":[{"ty":"gr","it":[{"d":1,"ty":"el","s":{"a":0,"k":[83,83],"ix":2},"p":{"a":0,"k":[0,0],"ix":3},"nm":"Ellipse Path 1","mn":"ADBE Vector Shape - Ellipse","hd":false},{"ty":"st","c":{"a":0,"k":[0.149019607843,0.776470588235,0.854901960784,1],"ix":3},"o":{"a":0,"k":100,"ix":4},"w":{"a":1,"k":[{"i":{"x":[0.667],"y":[1]},"o":{"x":[0.71],"y":[0]},"t":58,"s":[40]},{"t":70,"s":[0]}],"ix":5},"lc":1,"lj":1,"ml":4,"bm":0,"nm":"Stroke 1","mn":"ADBE Vector Graphic - Stroke","hd":false},{"ty":"tr","p":{"a":0,"k":[67.5,-87.5],"ix":2},"a":{"a":0,"k":[0,0],"ix":1},"s":{"a":0,"k":[100,100],"ix":3},"r":{"a":0,"k":0,"ix":6},"o":{"a":0,"k":100,"ix":7},"sk":{"a":0,"k":0,"ix":4},"sa":{"a":0,"k":0,"ix":5},"nm":"Transform"}],"nm":"Ellipse 1","np":3,"cix":2,"bm":0,"ix":1,"mn":"ADBE Vector Group","hd":false}],"ip":58,"op":233,"st":-7,"bm":0},{"ddd":0,"ind":4,"ty":4,"nm":"tpo","sr":1,"ks":{"o":{"a":1,"k":[{"i":{"x":[0.833],"y":[0.833]},"o":{"x":[0.167],"y":[0.167]},"t":71,"s":[0]},{"t":83,"s":[100]}],"ix":11},"r":{"a":0,"k":0,"ix":10},"p":{"a":0,"k":[400,400,0],"ix":2},"a":{"a":0,"k":[400,359,0],"ix":1},"s":{"a":0,"k":[100,100,100],"ix":6}},"ao":0,"shapes":[{"ty":"gr","it":[{"ind":0,"ty":"sh","ix":1,"ks":{"a":0,"k":{"i":[[-4.598,0],[0,0],[0,-4.598],[0,0],[4.598,0],[0,0],[0,4.598],[0,0]],"o":[[0,0],[4.598,0],[0,0],[0,4.598],[0,0],[-4.598,0],[0,0],[0,-4.598]],"v":[[-59.944,-43.293],[59.943,-43.293],[68.269,-34.966],[68.269,34.967],[59.943,43.293],[-59.944,43.293],[-68.27,34.967],[-68.27,-34.966]],"c":true},"ix":2},"nm":"Path 1","mn":"ADBE Vector Shape - Group","hd":false},{"ty":"fl","c":{"a":0,"k":[0.933000033509,0.944999964097,0.961000031116,1],"ix":4},"o":{"a":0,"k":100,"ix":5},"r":1,"bm":0,"nm":"Fill 1","mn":"ADBE Vector Graphic - Fill","hd":false},{"ty":"tr","p":{"a":0,"k":[493.246,264.921],"ix":2},"a":{"a":0,"k":[0,0],"ix":1},"s":{"a":0,"k":[100,100],"ix":3},"r":{"a":0,"k":0,"ix":6},"o":{"a":0,"k":100,"ix":7},"sk":{"a":0,"k":0,"ix":4},"sa":{"a":0,"k":0,"ix":5},"nm":"Transform"}],"nm":"Group 13","np":4,"cix":2,"bm":0,"ix":1,"mn":"ADBE Vector Group","hd":false}],"ip":63,"op":232,"st":-8,"bm":0},{"ddd":0,"ind":5,"ty":4,"nm":"bottom","sr":1,"ks":{"o":{"a":1,"k":[{"i":{"x":[0.833],"y":[0.833]},"o":{"x":[0.167],"y":[0.167]},"t":75,"s":[0]},{"t":83,"s":[100]}],"ix":11},"r":{"a":0,"k":0,"ix":10},"p":{"a":1,"k":[{"i":{"x":0.35,"y":1},"o":{"x":0.65,"y":0},"t":71,"s":[400,353,0],"to":[0,7.833,0],"ti":[0,-7.833,0]},{"t":83,"s":[400,400,0]}],"ix":2},"a":{"a":0,"k":[400,359,0],"ix":1},"s":{"a":0,"k":[100,100,100],"ix":6}},"ao":0,"shapes":[{"ty":"gr","it":[{"ind":0,"ty":"sh","ix":1,"ks":{"a":0,"k":{"i":[[0,0],[0.012,6.053],[0,0],[-6.052,0.013],[0,0],[-0.011,-6.053],[0,0],[0,0],[2.322,-1.944],[0.235,-0.298],[0,0],[0,0],[1.702,0.002],[1.037,-1.348],[0,0],[-2.366,-1.891],[-1.891,2.368],[-0.04,0.054],[0,0],[0,0]],"o":[[-6.052,-0.013],[0,0],[0.012,-6.053],[0,0],[6.052,0.013],[0,0],[0,0],[-1.944,-2.321],[-0.29,0.245],[0,0],[0,0],[-1.037,-1.35],[-1.702,0.001],[0,0],[-1.89,2.367],[2.367,1.89],[0.042,-0.051],[0,0],[0,0],[0,0]],"v":[[-48.261,49.358],[-59.229,38.389],[-59.229,-38.388],[-48.261,-49.357],[48.259,-49.357],[59.226,-38.388],[59.226,-4.111],[37.655,-29.853],[29.93,-30.534],[29.141,-29.72],[-13.119,24.039],[-27.465,5.427],[-31.809,3.284],[-36.152,5.422],[-48.218,21.121],[-47.356,28.831],[-39.647,27.967],[-39.524,27.809],[-31.798,17.763],[-7.444,49.357]],"c":true},"ix":2},"nm":"Path 1","mn":"ADBE Vector Shape - Group","hd":false},{"ind":1,"ty":"sh","ix":2,"ks":{"a":0,"k":{"i":[[3.028,0],[0.001,-3.028],[0,0],[6.052,-0.013],[0,0],[0,0],[0,0],[0,0],[-0.057,-0.062],[0,0],[-1.471,-0.048],[0,0],[-0.384,0.074],[0,0],[0,0],[0,0],[0,0],[0,0],[0,0],[0,0],[0,0],[0,0],[0,0],[0,0],[0,0],[0,0],[0,0],[0,0],[0,0],[0,0],[0,0],[0,0],[0,0],[0,0],[0,0],[0,0],[0,0],[0,0],[0,0],[0,0],[0,0],[0,0],[0,0],[0,0],[-0.23,0.135],[0,0],[0,0],[-0.256,0.231],[0,0],[0,0],[-0.045,1.481],[0,0],[0,0],[0,0],[0,0],[0,0],[12.11,0.012],[0,0],[0.014,-12.109],[0,0],[-12.109,-0.014],[0,0],[-0.014,12.11]],"o":[[-3.029,-0.001],[0,0],[-0.011,6.053],[0,0],[0,0],[0,0],[0,0],[0.053,0.064],[0,0],[0.993,1.087],[0,0],[0.391,0.009],[0,0],[0,0],[0,0],[0,0],[0,0],[0,0],[0,0],[0,0],[0,0],[0,0],[0,0],[0,0],[0,0],[0,0],[0,0],[0,0],[0,0],[0,0],[0,0],[0,0],[0,0],[0,0],[0,0],[0,0],[0,0],[0,0],[0,0],[0,0],[0,0],[0,0],[0,0],[0.247,-0.1],[0,0],[0,0],[0.296,-0.18],[0,0],[0,0],[1.095,-0.997],[0,0],[0,0],[0,0],[0,0],[0,0],[-0.014,-12.11],[0,0],[-12.109,0.014],[0,0],[0.014,12.11],[0,0],[12.109,-0.014],[0,-3.028]],"v":[[64.712,32.906],[59.226,38.386],[59.226,38.389],[48.259,49.358],[6.398,49.358],[-6.212,33],[33.584,-17.62],[60.479,14.456],[60.645,14.646],[60.666,14.667],[64.521,16.443],[64.57,16.443],[65.735,16.345],[65.751,16.345],[65.802,16.336],[65.824,16.336],[65.868,16.326],[65.893,16.326],[65.933,16.318],[65.962,16.318],[65.999,16.31],[66.03,16.31],[66.063,16.3],[66.095,16.3],[66.138,16.271],[66.171,16.263],[66.202,16.255],[66.235,16.245],[66.266,16.234],[66.294,16.234],[66.342,16.21],[66.363,16.21],[66.405,16.197],[66.43,16.197],[66.469,16.182],[66.488,16.182],[66.533,16.169],[66.549,16.169],[66.596,16.151],[66.611,16.151],[66.661,16.133],[66.67,16.133],[66.726,16.112],[66.786,16.087],[67.501,15.733],[67.51,15.733],[67.557,15.706],[68.389,15.087],[68.403,15.076],[68.415,15.063],[70.198,11.188],[70.198,11.109],[70.198,11.091],[70.198,11.034],[70.198,10.948],[70.198,-38.388],[48.259,-60.324],[-48.261,-60.324],[-70.197,-38.388],[-70.197,38.388],[-48.261,60.325],[48.259,60.325],[70.195,38.388]],"c":true},"ix":2},"nm":"Path 2","mn":"ADBE Vector Shape - Group","hd":false},{"ty":"mm","mm":1,"nm":"Merge Paths 1","mn":"ADBE Vector Filter - Merge","hd":false},{"ty":"fl","c":{"a":0,"k":[0.933000033509,0.944999964097,0.961000031116,1],"ix":4},"o":{"a":0,"k":100,"ix":5},"r":1,"bm":0,"nm":"Fill 1","mn":"ADBE Vector Graphic - Fill","hd":false},{"ty":"tr","p":{"a":0,"k":[395.973,473.947],"ix":2},"a":{"a":0,"k":[0,0],"ix":1},"s":{"a":0,"k":[100,100],"ix":3},"r":{"a":0,"k":0,"ix":6},"o":{"a":0,"k":100,"ix":7},"sk":{"a":0,"k":0,"ix":4},"sa":{"a":0,"k":0,"ix":5},"nm":"Transform"}],"nm":"Group 11","np":6,"cix":2,"bm":0,"ix":1,"mn":"ADBE Vector Group","hd":false},{"ty":"gr","it":[{"ind":0,"ty":"sh","ix":1,"ks":{"a":0,"k":{"i":[[-4.598,0],[0,0],[0,-4.598],[0,0],[4.598,0],[0,0],[0,4.598],[0,0]],"o":[[0,0],[4.598,0],[0,0],[0,4.598],[0,0],[-4.598,0],[0,0],[0,-4.598]],"v":[[-157.352,-94.079],[157.353,-94.079],[165.679,-85.753],[165.679,85.753],[157.353,94.078],[-157.352,94.078],[-165.678,85.753],[-165.678,-85.753]],"c":true},"ix":2},"nm":"Path 1","mn":"ADBE Vector Shape - Group","hd":false},{"ty":"fl","c":{"a":0,"k":[0.976000019148,0.980000035903,0.984000052658,1],"ix":4},"o":{"a":0,"k":100,"ix":5},"r":1,"bm":0,"nm":"Fill 1","mn":"ADBE Vector Graphic - Fill","hd":false},{"ty":"tr","p":{"a":0,"k":[395.837,473.892],"ix":2},"a":{"a":0,"k":[0,0],"ix":1},"s":{"a":0,"k":[100,100],"ix":3},"r":{"a":0,"k":0,"ix":6},"o":{"a":0,"k":100,"ix":7},"sk":{"a":0,"k":0,"ix":4},"sa":{"a":0,"k":0,"ix":5},"nm":"Transform"}],"nm":"Group 12","np":4,"cix":2,"bm":0,"ix":2,"mn":"ADBE Vector Group","hd":false}],"ip":63,"op":232,"st":-8,"bm":0},{"ddd":0,"ind":6,"ty":4,"nm":"3-1 Outlines 2","sr":1,"ks":{"o":{"a":0,"k":100,"ix":11},"r":{"a":0,"k":0,"ix":10},"p":{"a":0,"k":[400,400,0],"ix":2},"a":{"a":0,"k":[400,359,0],"ix":1},"s":{"a":0,"k":[100,100,100],"ix":6}},"ao":0,"shapes":[{"ty":"gr","it":[{"ind":0,"ty":"sh","ix":1,"ks":{"a":0,"k":{"i":[[-5.978,0],[0,0],[0,-5.977],[5.978,0],[0,0],[0,5.978]],"o":[[0,0],[5.978,0],[0,5.978],[0,0],[-5.978,0],[0,-5.977]],"v":[[-74.097,-10.823],[74.096,-10.823],[84.921,0],[74.096,10.823],[-74.097,10.823],[-84.921,0]],"c":true},"ix":2},"nm":"Path 1","mn":"ADBE Vector Shape - Group","hd":false},{"ty":"fl","c":{"a":0,"k":[0.933000033509,0.944999964097,0.961000031116,1],"ix":4},"o":{"a":0,"k":100,"ix":5},"r":1,"bm":0,"nm":"Fill 1","mn":"ADBE Vector Graphic - Fill","hd":false},{"ty":"tr","p":{"a":0,"k":[315.08,232.452],"ix":2},"a":{"a":0,"k":[0,0],"ix":1},"s":{"a":0,"k":[100,100],"ix":3},"r":{"a":0,"k":0,"ix":6},"o":{"a":1,"k":[{"i":{"x":[0.833],"y":[0.833]},"o":{"x":[0.167],"y":[0.167]},"t":29,"s":[0]},{"t":37,"s":[100]}],"ix":7},"sk":{"a":0,"k":0,"ix":4},"sa":{"a":0,"k":0,"ix":5},"nm":"Transform"}],"nm":"Group 10","np":2,"cix":2,"bm":0,"ix":1,"mn":"ADBE Vector Group","hd":false},{"ty":"gr","it":[{"ind":0,"ty":"sh","ix":1,"ks":{"a":0,"k":{"i":[[-5.977,0],[0,0],[0,-5.977],[5.977,0],[0,0],[0,5.977]],"o":[[0,0],[5.977,0],[0,5.977],[0,0],[-5.977,0],[0,-5.977]],"v":[[-74.097,-10.823],[74.098,-10.823],[84.921,0],[74.098,10.823],[-74.097,10.823],[-84.921,0]],"c":true},"ix":2},"nm":"Path 1","mn":"ADBE Vector Shape - Group","hd":false},{"ty":"fl","c":{"a":0,"k":[0.976000019148,0.980000035903,0.984000052658,1],"ix":4},"o":{"a":0,"k":100,"ix":5},"r":1,"bm":0,"nm":"Fill 1","mn":"ADBE Vector Graphic - Fill","hd":false},{"ty":"tr","p":{"a":1,"k":[{"i":{"x":0.35,"y":1},"o":{"x":0.65,"y":0},"t":63,"s":[454.949,265.754],"to":[-23.333,0],"ti":[23.333,0]},{"t":75,"s":[314.949,265.754]}],"ix":2},"a":{"a":0,"k":[0,0],"ix":1},"s":{"a":0,"k":[100,100],"ix":3},"r":{"a":0,"k":0,"ix":6},"o":{"a":1,"k":[{"i":{"x":[0.833],"y":[0.833]},"o":{"x":[0.167],"y":[0.167]},"t":31,"s":[0]},{"t":39,"s":[100]}],"ix":7},"sk":{"a":0,"k":0,"ix":4},"sa":{"a":0,"k":0,"ix":5},"nm":"Transform"}],"nm":"Group 9","np":2,"cix":2,"bm":0,"ix":2,"mn":"ADBE Vector Group","hd":false},{"ty":"gr","it":[{"ind":0,"ty":"sh","ix":1,"ks":{"a":0,"k":{"i":[[-5.978,0],[0,0],[0,-5.977],[5.978,0],[0,0],[0,5.978]],"o":[[0,0],[5.978,0],[0,5.978],[0,0],[-5.978,0],[0,-5.977]],"v":[[-74.097,-10.823],[74.096,-10.823],[84.921,0],[74.096,10.823],[-74.097,10.823],[-84.921,0]],"c":true},"ix":2},"nm":"Path 1","mn":"ADBE Vector Shape - Group","hd":false},{"ty":"fl","c":{"a":0,"k":[0.976000019148,0.980000035903,0.984000052658,1],"ix":4},"o":{"a":0,"k":100,"ix":5},"r":1,"bm":0,"nm":"Fill 1","mn":"ADBE Vector Graphic - Fill","hd":false},{"ty":"tr","p":{"a":0,"k":[315.08,297.391],"ix":2},"a":{"a":0,"k":[0,0],"ix":1},"s":{"a":0,"k":[100,100],"ix":3},"r":{"a":0,"k":0,"ix":6},"o":{"a":1,"k":[{"i":{"x":[0.833],"y":[0.833]},"o":{"x":[0.167],"y":[0.167]},"t":33,"s":[0]},{"t":41,"s":[100]}],"ix":7},"sk":{"a":0,"k":0,"ix":4},"sa":{"a":0,"k":0,"ix":5},"nm":"Transform"}],"nm":"Group 8","np":2,"cix":2,"bm":0,"ix":3,"mn":"ADBE Vector Group","hd":false},{"ty":"gr","it":[{"ind":0,"ty":"sh","ix":1,"ks":{"a":0,"k":{"i":[[-5.978,0],[0,0],[0,-5.977],[5.977,0],[0,0],[0,5.978]],"o":[[0,0],[5.977,0],[0,5.978],[0,0],[-5.978,0],[0,-5.977]],"v":[[-154.855,-10.823],[154.855,-10.823],[165.678,0],[154.855,10.823],[-154.855,10.823],[-165.678,0]],"c":true},"ix":2},"nm":"Path 1","mn":"ADBE Vector Shape - Group","hd":false},{"ty":"fl","c":{"a":0,"k":[0.933000033509,0.944999964097,0.961000031116,1],"ix":4},"o":{"a":0,"k":100,"ix":5},"r":1,"bm":0,"nm":"Fill 1","mn":"ADBE Vector Graphic - Fill","hd":false},{"ty":"tr","p":{"a":0,"k":[395.837,344.014],"ix":2},"a":{"a":0,"k":[0,0],"ix":1},"s":{"a":0,"k":[100,100],"ix":3},"r":{"a":0,"k":0,"ix":6},"o":{"a":1,"k":[{"i":{"x":[0.833],"y":[0.833]},"o":{"x":[0.167],"y":[0.167]},"t":35,"s":[0]},{"t":43,"s":[100]}],"ix":7},"sk":{"a":0,"k":0,"ix":4},"sa":{"a":0,"k":0,"ix":5},"nm":"Transform"}],"nm":"Group 11","np":2,"cix":2,"bm":0,"ix":4,"mn":"ADBE Vector Group","hd":false},{"ty":"gr","it":[{"ind":0,"ty":"sh","ix":1,"ks":{"a":0,"k":{"i":[[-5.647,0],[0,-5.648],[5.647,0],[0,5.647]],"o":[[5.647,0],[0,5.647],[-5.647,0],[0,-5.648]],"v":[[0,-10.226],[10.226,0],[0,10.226],[-10.226,0]],"c":true},"ix":2},"nm":"Path 1","mn":"ADBE Vector Shape - Group","hd":false},{"ty":"fl","c":{"a":0,"k":[0.933000033509,0.944999964097,0.961000031116,1],"ix":4},"o":{"a":0,"k":100,"ix":5},"r":1,"bm":0,"nm":"Fill 1","mn":"ADBE Vector Graphic - Fill","hd":false},{"ty":"tr","p":{"a":0,"k":[474.594,178.19],"ix":2},"a":{"a":0,"k":[0,0],"ix":1},"s":{"a":0,"k":[100,100],"ix":3},"r":{"a":0,"k":0,"ix":6},"o":{"a":1,"k":[{"i":{"x":[0.833],"y":[0.833]},"o":{"x":[0.167],"y":[0.167]},"t":19,"s":[0]},{"t":27,"s":[100]}],"ix":7},"sk":{"a":0,"k":0,"ix":4},"sa":{"a":0,"k":0,"ix":5},"nm":"Transform"}],"nm":"Group 14","np":2,"cix":2,"bm":0,"ix":5,"mn":"ADBE Vector Group","hd":false},{"ty":"gr","it":[{"ind":0,"ty":"sh","ix":1,"ks":{"a":0,"k":{"i":[[-5.647,0],[0,-5.648],[5.646,0],[0,5.647]],"o":[[5.646,0],[0,5.647],[-5.647,0],[0,-5.648]],"v":[[0.001,-10.226],[10.225,0],[0.001,10.226],[-10.225,0]],"c":true},"ix":2},"nm":"Path 1","mn":"ADBE Vector Shape - Group","hd":false},{"ty":"fl","c":{"a":0,"k":[0.933000033509,0.944999964097,0.961000031116,1],"ix":4},"o":{"a":0,"k":100,"ix":5},"r":1,"bm":0,"nm":"Fill 1","mn":"ADBE Vector Graphic - Fill","hd":false},{"ty":"tr","p":{"a":0,"k":[506.992,178.19],"ix":2},"a":{"a":0,"k":[0,0],"ix":1},"s":{"a":0,"k":[100,100],"ix":3},"r":{"a":0,"k":0,"ix":6},"o":{"a":1,"k":[{"i":{"x":[0.833],"y":[0.833]},"o":{"x":[0.167],"y":[0.167]},"t":21,"s":[0]},{"t":29,"s":[100]}],"ix":7},"sk":{"a":0,"k":0,"ix":4},"sa":{"a":0,"k":0,"ix":5},"nm":"Transform"}],"nm":"Group 13","np":2,"cix":2,"bm":0,"ix":6,"mn":"ADBE Vector Group","hd":false},{"ty":"gr","it":[{"ind":0,"ty":"sh","ix":1,"ks":{"a":0,"k":{"i":[[-5.647,0],[0,-5.648],[5.647,0],[0,5.647]],"o":[[5.647,0],[0,5.647],[-5.647,0],[0,-5.648]],"v":[[0,-10.226],[10.226,0],[0,10.226],[-10.226,0]],"c":true},"ix":2},"nm":"Path 1","mn":"ADBE Vector Shape - Group","hd":false},{"ty":"fl","c":{"a":0,"k":[0.933000033509,0.944999964097,0.961000031116,1],"ix":4},"o":{"a":0,"k":100,"ix":5},"r":1,"bm":0,"nm":"Fill 1","mn":"ADBE Vector Graphic - Fill","hd":false},{"ty":"tr","p":{"a":0,"k":[539.39,178.19],"ix":2},"a":{"a":0,"k":[0,0],"ix":1},"s":{"a":0,"k":[100,100],"ix":3},"r":{"a":0,"k":0,"ix":6},"o":{"a":1,"k":[{"i":{"x":[0.833],"y":[0.833]},"o":{"x":[0.167],"y":[0.167]},"t":23,"s":[0]},{"t":31,"s":[100]}],"ix":7},"sk":{"a":0,"k":0,"ix":4},"sa":{"a":0,"k":0,"ix":5},"nm":"Transform"}],"nm":"Group 12","np":2,"cix":2,"bm":0,"ix":7,"mn":"ADBE Vector Group","hd":false},{"ty":"gr","it":[{"ind":0,"ty":"sh","ix":1,"ks":{"a":0,"k":{"i":[[-9.196,0],[0,0],[0,-9.196],[0,0],[9.197,0],[0,0],[0,9.195],[0,0]],"o":[[0,0],[9.197,0],[0,0],[0,9.195],[0,0],[-9.196,0],[0,0],[0,-9.196]],"v":[[-172.339,-226.454],[172.339,-226.454],[188.99,-209.803],[188.99,209.804],[172.339,226.454],[-172.339,226.454],[-188.99,209.804],[-188.99,-209.803]],"c":true},"ix":2},"nm":"Path 1","mn":"ADBE Vector Shape - Group","hd":false},{"ty":"fl","c":{"a":0,"k":[1,1,1,1],"ix":4},"o":{"a":0,"k":100,"ix":5},"r":1,"bm":0,"nm":"Fill 1","mn":"ADBE Vector Graphic - Fill","hd":false},{"ty":"tr","p":{"a":1,"k":[{"i":{"x":0.3,"y":1},"o":{"x":0.7,"y":0},"t":0,"s":[400,429],"to":[0,-11.667],"ti":[0,11.667]},{"t":16,"s":[400,359]}],"ix":2},"a":{"a":0,"k":[0,0],"ix":1},"s":{"a":0,"k":[100,100],"ix":3},"r":{"a":0,"k":0,"ix":6},"o":{"a":1,"k":[{"i":{"x":[0.833],"y":[0.833]},"o":{"x":[0.167],"y":[0.167]},"t":4,"s":[0]},{"t":16,"s":[100]}],"ix":7},"sk":{"a":0,"k":0,"ix":4},"sa":{"a":0,"k":0,"ix":5},"nm":"Transform"}],"nm":"Group 15","np":2,"cix":2,"bm":0,"ix":8,"mn":"ADBE Vector Group","hd":false},{"ty":"gr","it":[{"ind":0,"ty":"sh","ix":1,"ks":{"a":0,"k":{"i":[[-18.34,0],[0,0],[0,-18.34],[0,0],[18.341,0],[0,0],[0,18.34],[0,0]],"o":[[0,0],[18.341,0],[0,0],[0,18.34],[0,0],[-18.34,0],[0,0],[0,-18.34]],"v":[[-363.632,-354.5],[363.631,-354.5],[396.841,-321.292],[396.841,321.292],[363.631,354.5],[-363.632,354.5],[-396.84,321.292],[-396.84,-321.292]],"c":true},"ix":2},"nm":"Path 1","mn":"ADBE Vector Shape - Group","hd":false},{"ty":"fl","c":{"a":0,"k":[0.933000033509,0.944999964097,0.961000031116,1],"ix":4},"o":{"a":0,"k":100,"ix":5},"r":1,"bm":0,"nm":"Fill 1","mn":"ADBE Vector Graphic - Fill","hd":false},{"ty":"tr","p":{"a":0,"k":[400.5,359.5],"ix":2},"a":{"a":0,"k":[0,0],"ix":1},"s":{"a":0,"k":[100,100],"ix":3},"r":{"a":0,"k":0,"ix":6},"o":{"a":0,"k":100,"ix":7},"sk":{"a":0,"k":0,"ix":4},"sa":{"a":0,"k":0,"ix":5},"nm":"Transform"}],"nm":"bg","np":2,"cix":2,"bm":0,"ix":9,"mn":"ADBE Vector Group","hd":false},{"ty":"gr","it":[{"ty":"tr","p":{"a":0,"k":[0,0],"ix":2},"a":{"a":0,"k":[0,0],"ix":1},"s":{"a":0,"k":[100,100],"ix":3},"r":{"a":0,"k":0,"ix":6},"o":{"a":0,"k":100,"ix":7},"sk":{"a":0,"k":0,"ix":4},"sa":{"a":0,"k":0,"ix":5},"nm":"Transform"}],"nm":"Group 16","np":0,"cix":2,"bm":0,"ix":10,"mn":"ADBE Vector Group","hd":false}],"ip":0,"op":240,"st":0,"bm":0}]}],"layers":[{"ddd":0,"ind":1,"ty":4,"nm":"hand 3","sr":1,"ks":{"o":{"a":0,"k":100,"ix":11},"r":{"a":0,"k":15,"ix":10},"p":{"a":1,"k":[{"i":{"x":0.35,"y":1},"o":{"x":0.65,"y":0},"t":110,"s":[567.057,252.819,0],"to":[127.333,-11,0],"ti":[-46.333,5,0]},{"t":121,"s":[845.057,222.819,0]}],"ix":2},"a":{"a":0,"k":[627,295,0],"ix":1},"s":{"a":0,"k":[100,100,100],"ix":6}},"ao":0,"shapes":[{"ty":"gr","it":[{"ty":"gr","it":[{"ind":0,"ty":"sh","ix":1,"ks":{"a":0,"k":{"i":[[0.901,2.011],[-0.951,0.541],[-1.098,-1.902],[-0.973,0.523],[-1.128,-1.889],[-7.626,4.418],[1.089,1.915],[-1.009,0.508],[-1.732,-2.81],[4.838,-2.803],[4.77,-2.662],[1.691,2.832],[0.946,-0.523]],"o":[[0.893,-0.613],[1.126,1.888],[0.956,-0.552],[1.119,1.894],[7.644,-4.389],[-1.07,-1.924],[0.97,-0.577],[1.806,2.768],[-4.775,2.91],[-4.728,2.73],[-1.689,-2.837],[-0.936,0.54],[-1.067,-1.928]],"v":[[-19.885,-0.135],[-17.081,-1.785],[-13.784,3.926],[-10.898,2.298],[-7.587,8.007],[15.319,-5.203],[12.03,-10.931],[14.977,-12.594],[19.885,-3.995],[5.408,4.471],[-8.818,12.594],[-13.828,4.055],[-16.655,5.641]],"c":true},"ix":2},"nm":"Path 1","mn":"ADBE Vector Shape - Group","hd":false},{"ty":"fl","c":{"a":0,"k":[0.109999997008,0.109999997008,0.109999997008,1],"ix":4},"o":{"a":0,"k":100,"ix":5},"r":1,"bm":0,"nm":"Fill 1","mn":"ADBE Vector Graphic - Fill","hd":false},{"ty":"tr","p":{"a":0,"k":[641.11,313.926],"ix":2},"a":{"a":0,"k":[0,0],"ix":1},"s":{"a":0,"k":[100,100],"ix":3},"r":{"a":0,"k":0,"ix":6},"o":{"a":0,"k":100,"ix":7},"sk":{"a":0,"k":0,"ix":4},"sa":{"a":0,"k":0,"ix":5},"nm":"Transform"}],"nm":"Group 1","np":2,"cix":2,"bm":0,"ix":1,"mn":"ADBE Vector Group","hd":false},{"ty":"gr","it":[{"ind":0,"ty":"sh","ix":1,"ks":{"a":0,"k":{"i":[[0.405,1.029],[-0.966,0.473],[-0.543,-0.963],[-0.969,0.536],[-1.112,-1.902],[-0.954,0.536],[-0.905,-2.018],[0.964,-0.49],[1.107,1.884],[0.969,-0.508],[1.256,1.779],[0.941,-0.479]],"o":[[0.865,-0.639],[0.572,0.946],[0.959,-0.553],[1.123,1.895],[0.942,-0.552],[1.092,1.92],[-0.906,0.589],[-1.121,-1.874],[-0.948,0.548],[-1.12,-1.867],[-0.916,0.529],[-0.63,-0.909]],"v":[[-8.357,-4.688],[-5.606,-6.359],[-3.935,-3.493],[-1.049,-5.135],[2.266,0.583],[5.112,-1.048],[8.357,4.74],[5.55,6.36],[2.233,0.709],[-0.643,2.29],[-4.017,-3.296],[-6.799,-1.77]],"c":true},"ix":2},"nm":"Path 1","mn":"ADBE Vector Shape - Group","hd":false},{"ty":"fl","c":{"a":0,"k":[0.109999997008,0.109999997008,0.109999997008,1],"ix":4},"o":{"a":0,"k":100,"ix":5},"r":1,"bm":0,"nm":"Fill 1","mn":"ADBE Vector Graphic - Fill","hd":false},{"ty":"tr","p":{"a":0,"k":[612.73,309.117],"ix":2},"a":{"a":0,"k":[0,0],"ix":1},"s":{"a":0,"k":[100,100],"ix":3},"r":{"a":0,"k":0,"ix":6},"o":{"a":0,"k":100,"ix":7},"sk":{"a":0,"k":0,"ix":4},"sa":{"a":0,"k":0,"ix":5},"nm":"Transform"}],"nm":"Group 2","np":2,"cix":2,"bm":0,"ix":2,"mn":"ADBE Vector Group","hd":false},{"ty":"gr","it":[{"ind":0,"ty":"sh","ix":1,"ks":{"a":0,"k":{"i":[[1.651,2.853],[-2.885,1.635],[-0.522,-0.967],[1.894,-1.113],[-0.964,-1.967],[0.994,-0.497]],"o":[[2.843,-1.705],[0.57,0.94],[-1.878,1.142],[1.025,1.937],[-0.92,0.625],[-1.657,-2.856]],"v":[[-5.132,-1.798],[3.476,-6.78],[5.132,-3.934],[-0.564,-0.611],[2.693,5.095],[-0.182,6.78]],"c":true},"ix":2},"nm":"Path 1","mn":"ADBE Vector Shape - Group","hd":false},{"ty":"fl","c":{"a":0,"k":[0.109999997008,0.109999997008,0.109999997008,1],"ix":4},"o":{"a":0,"k":100,"ix":5},"r":1,"bm":0,"nm":"Fill 1","mn":"ADBE Vector Graphic - Fill","hd":false},{"ty":"tr","p":{"a":0,"k":[601.568,299.314],"ix":2},"a":{"a":0,"k":[0,0],"ix":1},"s":{"a":0,"k":[100,100],"ix":3},"r":{"a":0,"k":0,"ix":6},"o":{"a":0,"k":100,"ix":7},"sk":{"a":0,"k":0,"ix":4},"sa":{"a":0,"k":0,"ix":5},"nm":"Transform"}],"nm":"Group 3","np":2,"cix":2,"bm":0,"ix":3,"mn":"ADBE Vector Group","hd":false},{"ty":"gr","it":[{"ind":0,"ty":"sh","ix":1,"ks":{"a":0,"k":{"i":[[4.946,8.603],[-0.95,0.548],[-2.238,-3.781],[-1.904,1.087],[-0.603,-0.918],[-2.942,1.497],[-0.556,-0.915],[-1.907,1.092],[-0.65,-0.891],[-0.963,0.519],[-0.553,-0.919],[-0.94,0.551],[-2.214,-3.6],[-1.737,-3.056],[0.882,-0.638],[-1.597,-2.853],[0.966,-0.495],[1.633,2.892],[-0.942,0.557],[3.855,6.694],[0.94,-0.557],[0.603,0.886],[0.912,-0.612],[-1.602,-2.905],[0,0],[2.233,3.816],[1.917,-1.107],[-1.625,-2.884],[0.96,-0.527],[2.162,3.85],[1.916,-1.135],[-2.195,-3.833],[0.977,-0.527]],"o":[[0.942,-0.561],[2.21,3.798],[1.928,-1.046],[0.548,0.949],[2.885,-1.603],[0.523,0.934],[1.922,-1.064],[0.562,0.946],[0.994,-0.463],[0.526,0.944],[0.945,-0.523],[2.156,3.633],[1.665,3.098],[-0.958,0.517],[1.633,2.83],[-0.918,0.57],[-1.77,-2.817],[0.952,-0.537],[-3.864,-6.692],[-0.953,0.533],[-0.593,-0.905],[-1.009,0.432],[1.637,2.882],[0,0],[-2.275,-3.792],[-1.925,1.097],[1.656,2.868],[-0.938,0.569],[-2.228,-3.815],[-1.926,1.1],[2.186,3.832],[-0.944,0.583],[-4.954,-8.587]],"v":[[-27.802,-18.355],[-24.954,-19.999],[-18.335,-8.6],[-12.621,-11.857],[-10.922,-9.041],[-2.3,-13.908],[-0.681,-11.135],[5.041,-14.412],[6.746,-11.582],[9.623,-13.162],[11.249,-10.384],[14.074,-11.992],[20.485,-1.059],[25.701,8.11],[22.937,9.845],[27.802,18.358],[24.99,20],[19.969,11.374],[22.81,9.733],[11.232,-10.345],[8.395,-8.707],[6.712,-11.464],[3.824,-9.895],[8.773,-1.269],[5.968,0.352],[-0.686,-11.122],[-6.441,-7.799],[-1.474,0.805],[-4.323,2.45],[-10.926,-9.04],[-16.688,-5.699],[-10.069,5.765],[-12.951,7.429]],"c":true},"ix":2},"nm":"Path 1","mn":"ADBE Vector Shape - Group","hd":false},{"ty":"fl","c":{"a":0,"k":[0.109999997008,0.109999997008,0.109999997008,1],"ix":4},"o":{"a":0,"k":100,"ix":5},"r":1,"bm":0,"nm":"Fill 1","mn":"ADBE Vector Graphic - Fill","hd":false},{"ty":"tr","p":{"a":0,"k":[631.101,281.327],"ix":2},"a":{"a":0,"k":[0,0],"ix":1},"s":{"a":0,"k":[100,100],"ix":3},"r":{"a":0,"k":0,"ix":6},"o":{"a":0,"k":100,"ix":7},"sk":{"a":0,"k":0,"ix":4},"sa":{"a":0,"k":0,"ix":5},"nm":"Transform"}],"nm":"Group 4","np":2,"cix":2,"bm":0,"ix":4,"mn":"ADBE Vector Group","hd":false},{"ty":"gr","it":[{"ind":0,"ty":"sh","ix":1,"ks":{"a":0,"k":{"i":[[4.91,8.609],[-0.926,0.592],[-6.076,-10.523],[0.971,-0.532],[0.526,0.955],[0.951,-0.553],[0.516,0.984],[-0.944,0.565]],"o":[[0.95,-0.549],[6.076,10.524],[-0.946,0.576],[-0.559,-0.924],[-0.974,0.513],[-0.586,-0.944],[0.932,-0.584],[-4.948,-8.579]],"v":[[-10.529,-14.923],[-7.699,-16.615],[10.529,14.955],[7.653,16.616],[6.019,13.786],[3.144,15.409],[1.476,12.521],[4.311,10.832]],"c":true},"ix":2},"nm":"Path 1","mn":"ADBE Vector Shape - Group","hd":false},{"ty":"fl","c":{"a":0,"k":[0.109999997008,0.109999997008,0.109999997008,1],"ix":4},"o":{"a":0,"k":100,"ix":5},"r":1,"bm":0,"nm":"Fill 1","mn":"ADBE Vector Graphic - Fill","hd":false},{"ty":"tr","p":{"a":0,"k":[605.222,282.858],"ix":2},"a":{"a":0,"k":[0,0],"ix":1},"s":{"a":0,"k":[100,100],"ix":3},"r":{"a":0,"k":0,"ix":6},"o":{"a":0,"k":100,"ix":7},"sk":{"a":0,"k":0,"ix":4},"sa":{"a":0,"k":0,"ix":5},"nm":"Transform"}],"nm":"Group 5","np":2,"cix":2,"bm":0,"ix":5,"mn":"ADBE Vector Group","hd":false},{"ty":"gr","it":[{"ind":0,"ty":"sh","ix":1,"ks":{"a":0,"k":{"i":[[0.535,0.96],[-1.881,1.087],[-0.515,-0.965],[1.902,-1.123]],"o":[[1.888,-1.075],[0.623,0.9],[-1.903,1.123],[-0.541,-0.955]],"v":[[-3.677,0.194],[1.969,-3.065],[3.677,-0.267],[-2.051,3.065]],"c":true},"ix":2},"nm":"Path 1","mn":"ADBE Vector Shape - Group","hd":false},{"ty":"fl","c":{"a":0,"k":[0.109999997008,0.109999997008,0.109999997008,1],"ix":4},"o":{"a":0,"k":100,"ix":5},"r":1,"bm":0,"nm":"Fill 1","mn":"ADBE Vector Graphic - Fill","hd":false},{"ty":"tr","p":{"a":0,"k":[599.573,263.176],"ix":2},"a":{"a":0,"k":[0,0],"ix":1},"s":{"a":0,"k":[100,100],"ix":3},"r":{"a":0,"k":0,"ix":6},"o":{"a":0,"k":100,"ix":7},"sk":{"a":0,"k":0,"ix":4},"sa":{"a":0,"k":0,"ix":5},"nm":"Transform"}],"nm":"Group 6","np":2,"cix":2,"bm":0,"ix":6,"mn":"ADBE Vector Group","hd":false},{"ty":"gr","it":[{"ind":0,"ty":"sh","ix":1,"ks":{"a":0,"k":{"i":[[0,0],[-0.473,-0.833],[0,0],[0,0],[0.832,-0.489],[-4.881,-8.462],[0,0],[0,0],[0.702,-0.429],[0,0],[0,0],[0.491,0.811],[2.842,-1.706],[-1.65,-2.858],[-0.81,0.541],[0,0],[0,0],[-0.529,-0.803],[-0.804,0.461],[0,0],[0,0],[-1.055,-1.758],[-0.832,0.47],[0,0],[0,0],[-1.05,-1.756],[-0.807,0.541],[0,0],[0,0],[-1.012,-1.785],[-0.815,0.463],[0,0],[0,0],[-1.617,-2.719],[-4.726,2.737],[-4.774,2.909],[1.689,2.668],[0,0],[0,0],[-0.797,0.485],[1.564,2.72],[0,0],[0,0],[-0.843,0.463],[1.666,3.098],[0,0],[2.155,3.63],[0.822,-0.456],[0,0],[0,0],[0.455,0.818],[0.86,-0.435],[0,0],[0,0],[0.503,0.842],[1.791,-1.009],[0,0],[0,0],[0.457,0.814],[2.754,-1.549],[0,0],[0,0],[0.48,0.835],[1.796,-0.993],[0,0],[0,0],[2.138,3.676],[0.478,-0.267],[0.354,-0.204],[0,0],[0,0],[0.555,0.802],[1.888,-1.076]],"o":[[0.469,0.839],[0,0],[0,0],[-0.814,0.508],[4.84,8.487],[0,0],[0,0],[-0.703,0.406],[0,0],[0,0],[-0.463,-0.834],[-2.884,1.633],[1.651,2.859],[0.841,-0.466],[0,0],[0,0],[0.403,0.873],[0.817,-0.416],[0,0],[0,0],[1.153,1.692],[0.844,-0.442],[0,0],[0,0],[1.038,1.765],[0.84,-0.468],[0,0],[0,0],[0.883,1.854],[0.82,-0.452],[0,0],[0,0],[1.617,2.717],[4.767,-2.661],[4.841,-2.794],[-1.655,-2.687],[0,0],[0,0],[0.826,-0.445],[-1.538,-2.733],[0,0],[0,0],[0.789,-0.548],[-1.737,-3.055],[0,0],[-2.211,-3.596],[-0.82,0.473],[0,0],[0,0],[-0.482,-0.796],[-0.856,0.462],[0,0],[0,0],[-0.543,-0.804],[-1.783,1.03],[0,0],[0,0],[-0.478,-0.796],[-2.82,1.434],[0,0],[0,0],[-0.516,-0.808],[-1.785,1.019],[0,0],[0,0],[-2.163,-3.663],[-0.476,0.274],[-0.353,0.204],[0,0],[0,0],[-0.464,-0.858],[-1.882,1.087],[0,0]],"v":[[-31.951,-29.942],[-30.534,-27.434],[-30.332,-27.084],[-30.675,-26.867],[-33.152,-25.38],[-18.523,0.012],[-18.312,0.377],[-18.678,0.587],[-20.774,1.841],[-21.15,2.071],[-21.371,1.689],[-22.808,-0.779],[-31.416,4.203],[-26.466,12.777],[-23.95,11.324],[-23.501,11.021],[-23.305,11.517],[-21.903,14.034],[-19.477,12.702],[-19.137,12.504],[-18.911,12.829],[-15.744,18.091],[-13.229,16.712],[-12.869,16.504],[-12.662,16.864],[-9.555,22.16],[-7.043,20.71],[-6.633,20.442],[-6.423,20.88],[-3.375,26.235],[-0.923,24.863],[-0.557,24.652],[-0.347,25.017],[4.451,33.203],[18.677,25.081],[33.151,16.615],[28.478,8.394],[28.237,8.011],[28.634,7.794],[31.057,6.371],[26.387,-1.804],[26.193,-2.141],[26.506,-2.365],[28.955,-3.883],[23.743,-13.04],[23.733,-13.058],[17.326,-23.984],[14.866,-22.583],[14.511,-22.378],[14.296,-22.728],[12.88,-25.148],[10.342,-23.745],[10.008,-23.578],[9.798,-23.887],[8.293,-26.397],[2.938,-23.329],[2.576,-23.122],[2.368,-23.482],[0.958,-25.893],[-7.306,-21.232],[-7.658,-21.029],[-7.872,-21.367],[-9.363,-23.832],[-14.718,-20.784],[-15.079,-20.588],[-15.284,-20.943],[-21.692,-31.978],[-23.121,-31.166],[-24.181,-30.554],[-24.558,-30.336],[-24.776,-30.713],[-26.305,-33.204],[-31.95,-29.944]],"c":true},"ix":2},"nm":"Path 1","mn":"ADBE Vector Shape - Group","hd":false},{"ty":"fl","c":{"a":0,"k":[1,1,1,1],"ix":4},"o":{"a":0,"k":100,"ix":5},"r":1,"bm":0,"nm":"Fill 1","mn":"ADBE Vector Graphic - Fill","hd":false},{"ty":"tr","p":{"a":0,"k":[627.849,293.312],"ix":2},"a":{"a":0,"k":[0,0],"ix":1},"s":{"a":0,"k":[100,100],"ix":3},"r":{"a":0,"k":0,"ix":6},"o":{"a":0,"k":100,"ix":7},"sk":{"a":0,"k":0,"ix":4},"sa":{"a":0,"k":0,"ix":5},"nm":"Transform"}],"nm":"Group 7","np":2,"cix":2,"bm":0,"ix":7,"mn":"ADBE Vector Group","hd":false},{"ty":"tr","p":{"a":0,"k":[627.847,293.314],"ix":2},"a":{"a":0,"k":[627.847,293.314],"ix":1},"s":{"a":0,"k":[100,100],"ix":3},"r":{"a":0,"k":0,"ix":6},"o":{"a":0,"k":100,"ix":7},"sk":{"a":0,"k":0,"ix":4},"sa":{"a":0,"k":0,"ix":5},"nm":"Transform"}],"nm":"hand","np":7,"cix":2,"bm":0,"ix":1,"mn":"ADBE Vector Group","hd":false}],"ip":109,"op":145,"st":69,"bm":0},{"ddd":0,"ind":2,"ty":0,"nm":"Pre-comp 4","refId":"comp_0","sr":1,"ks":{"o":{"a":1,"k":[{"i":{"x":[0.833],"y":[0.833]},"o":{"x":[0.167],"y":[0.167]},"t":110,"s":[100]},{"t":120,"s":[0]}],"ix":11},"r":{"a":0,"k":0,"ix":10},"p":{"a":0,"k":[400,400,0],"ix":2},"a":{"a":0,"k":[400,400,0],"ix":1},"s":{"a":0,"k":[100,100,100],"ix":6}},"ao":0,"w":800,"h":800,"ip":0,"op":240,"st":0,"bm":0},{"ddd":0,"ind":3,"ty":4,"nm":"bg","sr":1,"ks":{"o":{"a":0,"k":100,"ix":11},"r":{"a":0,"k":0,"ix":10},"p":{"a":0,"k":[400,400,0],"ix":2},"a":{"a":0,"k":[400,359,0],"ix":1},"s":{"a":0,"k":[100,100,100],"ix":6}},"ao":0,"shapes":[{"ty":"gr","it":[{"ind":0,"ty":"sh","ix":1,"ks":{"a":0,"k":{"i":[[-18.34,0],[0,0],[0,-18.34],[0,0],[18.341,0],[0,0],[0,18.34],[0,0]],"o":[[0,0],[18.341,0],[0,0],[0,18.34],[0,0],[-18.34,0],[0,0],[0,-18.34]],"v":[[-363.632,-354.5],[363.631,-354.5],[396.841,-321.292],[396.841,321.292],[363.631,354.5],[-363.632,354.5],[-396.84,321.292],[-396.84,-321.292]],"c":true},"ix":2},"nm":"Path 1","mn":"ADBE Vector Shape - Group","hd":false},{"ty":"fl","c":{"a":0,"k":[0.933000033509,0.944999964097,0.961000031116,1],"ix":4},"o":{"a":0,"k":100,"ix":5},"r":1,"bm":0,"nm":"Fill 1","mn":"ADBE Vector Graphic - Fill","hd":false},{"ty":"tr","p":{"a":0,"k":[400.5,359.5],"ix":2},"a":{"a":0,"k":[0,0],"ix":1},"s":{"a":0,"k":[100,100],"ix":3},"r":{"a":0,"k":0,"ix":6},"o":{"a":0,"k":100,"ix":7},"sk":{"a":0,"k":0,"ix":4},"sa":{"a":0,"k":0,"ix":5},"nm":"Transform"}],"nm":"bg","np":2,"cix":2,"bm":0,"ix":1,"mn":"ADBE Vector Group","hd":false}],"ip":0,"op":240,"st":0,"bm":0}],"markers":[]}